image,title,formula,price,details,precautions,effects
https://www.servaid.com.pk/theme/images/ph/medicine.png,Vaslip 10MG Tab 1x10 (L),"Atorvastatin
Neutro Pharma",Rs. 73.9/Pack,,,
https://static.servaid.com.pk/product/bulk/011133.jpg,Kestore 5MG Tab 1x10 (L),"Rosuvastatin
Scilife",Rs. 92.4/Pack,It is used to treat High Cholesterol levels.,"
Use with caution having liver disease, kidney disease and alcohol use.
","
It does not have serious side effects.
"
https://static.servaid.com.pk/product/bulk/004014.jpg,Tavist 10mg Tab 1x10 (L),"Atorvastatin
Macter",Rs. 97/Pack,"It is used along with a proper diet to help lower ""bad"" cholesterol and fats (such as LDL, triglycerides) and raise ""good"" cholesterol (HDL) in the blood.","
Use With Caution having Liver disease, Kidney disease, Alcohol use.
","
Muscle pain, Tenderness, Weakness. Rarely can cause Rhabdomyolysis and Autoimmune myopathy.
"
https://www.servaid.com.pk/theme/images/ph/medicine.png,Snolip 10MG Tab 1x10 (L),"Atorvastatin
Imported",Rs. 98.4/Pack,It lowers high (bad) cholesterol and triglycerides levels in the blood and is indicated for the treatment of hyperlipidemia.,"
Keep out of the reach of the children. Store at room temperature, i.e. below 30 degrees Celsius. Protect from direct exposure to sunlight, heat, or humidity. Check the expiry date before using it. Consult your doctor before taking any kind of medicine.
","
Consult a doctor if it causes any kinds of adverse reactions to you including digestive problems (gas, bloating, flatulence, abdominal cramps or pain, GERD), allergies (skin irritations, itchiness, swelling), headache, etc.
"
https://static.servaid.com.pk/product/bulk/003641.jpg,Simvazaf 10MG Tab 1x10 (L),"Simvastatin
Zafa",Rs. 107/Pack,It is used to treat High Cholesterol levels.,"
Use with caution having liver disease, kidney disease and alcohol use.
","
It does not have serious side effects.
"
https://static.servaid.com.pk/product/bulk/011134.jpg,Kestore 10MG Tab 1x10 (L),"Rosuvastatin
Scilife",Rs. 110.9/Pack,It is used to treat High Cholesterol levels.,"
Use with caution having liver disease, kidney disease and alcohol use.
","
It does not have serious side effects.
"
https://static.servaid.com.pk/product/bulk/036476.jpg,Rosera 5MG Tab 1x10 (L),"Rosuvastatin
",Rs. 110.9/Pack,It is used to treat High Cholesterol levels.,"
Use with caution having liver disease, kidney disease and alcohol use.
","
It does not have serious side effects.
"
https://static.servaid.com.pk/product/bulk/037074.jpg,Fortius 5MG Tab 1x10 (L),"Rosuvastatin
High-Q",Rs. 110.9/Pack,It is used to treat High Cholesterol levels.,"
Use with caution having liver disease, kidney disease and alcohol use.
","
It does not have serious side effects.
"
https://static.servaid.com.pk/product/bulk/038489.jpg,Crescor 5MG Tab 1x10 (L),"Rosuvastatin
Imported",Rs. 110.9/Pack,It is used to treat High Cholesterol levels.,"
Use with caution having liver disease, kidney disease and alcohol use.
","
It does not have serious side effects.
"
https://static.servaid.com.pk/product/bulk/039116.jpg,Xenecor 5MG Tab 1x10 (L),"Rosuvastatin
ICI Pharma",Rs. 110.9/Pack,It is used to treat High Cholesterol levels.,"
Use with caution having liver disease, kidney disease and alcohol use.
","
It does not have serious side effects.
"
https://static.servaid.com.pk/product/bulk/012765.jpg,Pit-Stat 1MG Tab 1x10 (L),"Pitavastatin
Sante",Rs. 115.5/Pack,It is used to treat High Cholesterol levels.,"
Consult a doctor, if you're hypersensitive to any of its ingredients. Keep out of the reach of children. Protect from direct exposure to sunlight, and heat. Store below the room temperature.
","
It does not have serious side effects.
"
https://static.servaid.com.pk/product/bulk/003317.jpg,Rosulin 5MG Tab 1x10 (L),"Rosuvastatin
Highnoon",Rs. 120.2/Pack,It is used to treat High Cholesterol levels.,"
Use with caution having liver disease, kidney disease and alcohol use.
","
It does not have serious side effects.
"
https://static.servaid.com.pk/product/bulk/002926.jpg,Aurora 5MG Tab 1x10 (L),"Rosuvastatin
Ferozsons",Rs. 123.8/Pack,It is used to treat High Cholesterol levels.,"
Use with caution having liver disease, kidney disease and alcohol use.
","
It does not have serious side effects.
"
https://static.servaid.com.pk/product/bulk/003314.jpg,Rosubar 5MG Tab 1x10 (L),"Rosuvastatin
Barrett",Rs. 125.5/Pack,It is used to treat High Cholesterol levels.,"
Use with caution having liver disease, kidney disease and alcohol use.
","
It does not have serious side effects.
"
https://static.servaid.com.pk/product/bulk/000765.jpg,Lipistat 10MG Tab 1x10 (L),"Atorvastatin
PharmaEdge",Rs. 127.5/Pack,"It is used along with a proper diet to help lower ""bad"" cholesterol and fats (such as LDL, triglycerides) and raise ""good"" cholesterol (HDL) in the blood.","
Use With Caution having Liver disease, Kidney disease, Alcohol use.
","
Muscle pain, Tenderness, Weakness. Rarely can cause Rhabdomyolysis and Autoimmune myopathy.
"
https://static.servaid.com.pk/product/bulk/009215.jpg,Cougar 5MG Tab 1x10 (L),"Rosuvastatin
Scotmann",Rs. 127.5/Pack,It is used to treat High Cholesterol levels.,"
Use with caution having liver disease, kidney disease and alcohol use.
","
It does not have serious side effects.
"
https://static.servaid.com.pk/product/bulk/002996.jpg,Rast 5MG Tab 1x10 (L),"Rosuvastatin
Tabros",Rs. 128.4/Pack,It is used to treat High Cholesterol levels.,"
Use with caution having liver disease, kidney disease and alcohol use.
","
It does not have serious side effects.
"
https://static.servaid.com.pk/product/bulk/002253.jpg,Oscar 10MG Tab 1x10 (L),"Atorvastatin
Scotmann",Rs. 129.3/Pack,"It contains ""Atorvastatin"" which is used to lower the high levels of bad cholesterol & triglycerides in the body.","
Keep out of the reach of the children. Store at room temperature, i.e. below 30 degrees Celsius. Protect from direct exposure to sunlight, heat, or humidity. Check the expiry date before using it. Consult your doctor before taking any kind of medicine.
","
Consult a doctor if it causes any kinds of adverse reactions to you including digestive problems (gas, bloating, flatulence, abdominal cramps or pain, GERD), allergies (skin irritations, itchiness, swelling), headache, etc.
"
https://static.servaid.com.pk/product/bulk/006041.jpg,Rova 5MG Tab 1x10 (L),"Rosuvastatin
Bosch",Rs. 129.3/Pack,It is used to treat High Cholesterol levels.,"
Use with caution having liver disease, kidney disease and alcohol use.
","
It does not have serious side effects.
"
https://static.servaid.com.pk/product/bulk/013114.jpg,Rosuvax 5MG Tab 1x10 (L),"Rosuvastatin
HAYAThygnc",Rs. 131.5/Pack,It is used to treat High Cholesterol levels.,"
Use with caution having liver disease, kidney disease and alcohol use.
","
It does not have serious side effects.
"
https://static.servaid.com.pk/product/bulk/003320.jpg,Roswin 5MG Tab 1x10 (L),"Rosuvastatin
Martin Dow",Rs. 131.7/Pack,It is used to treat High Cholesterol levels.,"
Use with caution having liver disease, kidney disease and alcohol use.
","
It does not have serious side effects.
"
https://static.servaid.com.pk/product/bulk/002389.jpg,Pasage Oral 10MG Tab 1x10 (L),"Rosuvastatin
Werrick",Rs. 138.6/Pack,It is used to treat High Cholesterol levels.,"
Use with caution having liver disease, kidney disease and alcohol use.
","
It does not have serious side effects.
"
https://static.servaid.com.pk/product/bulk/004565.jpg,Vasclear 10MG Tab 1x10 (L),"Atorvastatin
Asian Co",Rs. 138.6/Pack,"It is used along with a proper diet to help lower ""bad"" cholesterol and fats (such as LDL, triglycerides) and raise ""good"" cholesterol (HDL) in the blood.","
Use With Caution having Liver disease, Kidney disease, Alcohol use.
","
Muscle pain, Tenderness, Weakness. Rarely can cause Rhabdomyolysis and Autoimmune myopathy.
"
https://static.servaid.com.pk/product/bulk/012488.jpg,Pitalo 1MG Tab 1x10 (L),"Pitavastatin
General",Rs. 138.6/Pack,It is used to treat High Cholesterol levels.,"
Use with caution having liver disease, kidney disease and alcohol use.
","
It does not have serious side effects.
"
https://www.servaid.com.pk/theme/images/ph/medicine.png,Vaslip 20MG Tab 1x10 (L),"Atorvastatin
Neutro Pharma",Rs. 138.6/Pack,,,
https://static.servaid.com.pk/product/bulk/010528.jpg,Rosunext 5MG Tab 1x10 (L),"Rosuvastatin
Next",Rs. 142.2/Pack,It is used to treat High Cholesterol levels.,"
Use with caution having liver disease, kidney disease and alcohol use.
","
It does not have serious side effects.
"
https://static.servaid.com.pk/product/bulk/012656.jpg,Ruvastat 5MG Tab 1x10 (L),"Rosuvastatin
Imported",Rs. 142.6/Pack,It is used to treat High Cholesterol levels.,"
Use with caution having liver disease, kidney disease and alcohol use.
","
It does not have serious side effects.
"
https://static.servaid.com.pk/product/bulk/003287.jpg,Rolip 5MG Tab 1x10 (L),"Rosuvastatin
Hilton",Rs. 143.2/Pack,It is used to treat High Cholesterol levels.,"
Use with caution having liver disease, kidney disease and alcohol use.
","
It does not have serious side effects.
"
https://static.servaid.com.pk/product/bulk/003333.jpg,Rovator 5MG Tab 1x10 (L),"Rosuvastatin
Atco Lab",Rs. 144.2/Pack,It is used to treat High Cholesterol levels.,"
Use with caution having liver disease, kidney disease and alcohol use.
","
It does not have serious side effects.
"
https://static.servaid.com.pk/product/bulk/003338.jpg,Roviros 5MG Tab 1x10 (L),"Rosuvastatin
Nabiqasim",Rs. 145/Pack,It is used to treat High Cholesterol levels.,"
Use with caution having liver disease, kidney disease and alcohol use.
","
It does not have serious side effects.
"
https://static.servaid.com.pk/product/bulk/007185.jpg,Crestat 5MG Tab 1x10 (L),"Rosuvastatin
CCL",Rs. 145.6/Pack,It is used to treat High Cholesterol levels.,"
Use with caution having liver disease, kidney disease and alcohol use.
","
It does not have serious side effects.
"
https://static.servaid.com.pk/product/bulk/004960.jpg,X-Plendid 5MG Tab 1x10 (L),"Rosuvastatin
Pharmevo",Rs. 146.6/Pack,It is used to treat High Cholesterol levels.,"
Use with caution having liver disease, kidney disease and alcohol use.
","
It does not have serious side effects.
"
https://static.servaid.com.pk/product/bulk/004558.jpg,Vaptor 5MG Tab 1x10 (L),"Rosuvastatin
Searle",Rs. 147.3/Pack,It is used to treat High Cholesterol levels.,"
Use with caution having liver disease, kidney disease and alcohol use.
","
It does not have serious side effects.
"
https://static.servaid.com.pk/product/bulk/004015.jpg,Tavist 20MG Tab 1x10 (L),"Atorvastatin
Macter",Rs. 147.8/Pack,"It is used along with a proper diet to help lower ""bad"" cholesterol and fats (such as LDL, triglycerides) and raise ""good"" cholesterol (HDL) in the blood.","
Use With Caution having Liver disease, Kidney disease, Alcohol use.
","
Muscle pain, Tenderness, Weakness. Rarely can cause Rhabdomyolysis and Autoimmune myopathy.
"
https://static.servaid.com.pk/product/bulk/036150.jpg,Staars 10MG Tab 1x10 (L),"Rosuvastatin
Getz",Rs. 147.8/Pack,It is used to treat High Cholesterol levels.,"
Use with caution having liver disease, kidney disease and alcohol use.
","
It does not have serious side effects.
"
https://static.servaid.com.pk/product/bulk/006077.jpg,Xovat 5MG Tab 1x10 (L),"Rosuvastatin
AspinPhrma",Rs. 149.2/Pack,It is used to treat High Cholesterol levels.,"
Use with caution having liver disease, kidney disease and alcohol use.
","
It does not have serious side effects.
"
https://static.servaid.com.pk/product/bulk/007310.jpg,Delip 10MG Tab 1x10 (L),"Atorvastatin
Standpharm",Rs. 149.7/Pack,"It is used along with a proper diet to help lower ""bad"" cholesterol and fats (such as LDL, triglycerides) and raise ""good"" cholesterol (HDL) in the blood.","
Use With Caution having Liver disease, Kidney disease, Alcohol use.
","
Muscle pain, Tenderness, Weakness. Rarely can cause Rhabdomyolysis and Autoimmune myopathy.
"
https://static.servaid.com.pk/product/bulk/003341.jpg,Rovista 5MG Tab 1x10 (L),"Rosuvastatin
Getz",Rs. 152.5/Pack,It is used to treat High Cholesterol levels.,"
Use with caution having liver disease, kidney disease and alcohol use.
","
It does not have serious side effects.
"
https://static.servaid.com.pk/product/bulk/004845.jpg,Winstor 10MG Tab 1x10 (L),"Atorvastatin
Sanofi",Rs. 154.3/Pack,"It is used along with a proper diet to help lower ""bad"" cholesterol and fats (such as LDL, triglycerides) and raise ""good"" cholesterol (HDL) in the blood.","
Use With Caution having Liver disease, Kidney disease, Alcohol use.
","
Muscle pain, Tenderness, Weakness. Rarely can cause Rhabdomyolysis and Autoimmune myopathy.
"
https://static.servaid.com.pk/product/bulk/000770.jpg,Lipivastin 10MG Tab 1x10 (L),"Atorvastatin
Mass Phrma",Rs. 157.1/Pack,"It is used along with a proper diet to help lower ""bad"" cholesterol and fats (such as LDL, triglycerides) and raise ""good"" cholesterol (HDL) in the blood.","
Use With Caution having Liver disease, Kidney disease, Alcohol use.
","
Muscle pain, Tenderness, Weakness. Rarely can cause Rhabdomyolysis and Autoimmune myopathy.
"
https://static.servaid.com.pk/product/bulk/003912.jpg,Survive 10MG Tab 1x10 (L),"Simvastatin
Werrick",Rs. 157.1/Pack,It is used to treat High Cholesterol levels.,"
Use with caution having liver disease, kidney disease and alcohol use.
","
It does not have serious side effects.
"
https://static.servaid.com.pk/product/bulk/014809.jpg,Oscar 20MG Tab 1x10 (L),"Atorvastatin
Surgical",Rs. 157.1/Pack,It is used to lower high blood cholesterol and triglycerides levels. Indicated for the treatment of hyperlipidemia.,"
Keep out of the reach of the children. Store at room temperature, i.e. below 30 degrees Celsius. Protect from direct exposure to sunlight, heat, or humidity. Check the expiry date before using it. Consult your doctor before taking any kind of medicine.
","
Consult a doctor if it causes any kinds of adverse reactions to you including digestive problems (gas, bloating, flatulence, abdominal cramps or pain, GERD), allergies (skin irritations, itchiness, swelling), headache, etc.
"
https://static.servaid.com.pk/product/bulk/014475.jpg,Myopro 10MG Tab 1x10 (L),"Atorvastatin
General",Rs. 158.5/Pack,"It is used along with a proper diet to help lower ""bad"" cholesterol and fats (such as LDL, triglycerides) and raise ""good"" cholesterol (HDL) in the blood.","
Use With Caution having Liver disease, Kidney disease, Alcohol use.
","
Muscle pain, Tenderness, Weakness. Rarely can cause Rhabdomyolysis and Autoimmune myopathy.
"
https://static.servaid.com.pk/product/bulk/002792.jpg,Pro-Statin 10MG Tab 1x10 (L),"Atorvastatin
CCL",Rs. 161.7/Pack,"It is used along with a proper diet to help lower ""bad"" cholesterol and fats (such as LDL, triglycerides) and raise ""good"" cholesterol (HDL) in the blood.","
Use With Caution having Liver disease, Kidney disease, Alcohol use.
","
Muscle pain, Tenderness, Weakness. Rarely can cause Rhabdomyolysis and Autoimmune myopathy.
"
https://static.servaid.com.pk/product/bulk/000756.jpg,Lipiget 10MG Tab 1x10 (L),"Atorvastatin
Getz",Rs. 166.3/Pack,"It is used along with a proper diet to help lower ""bad"" cholesterol and fats (such as LDL, triglycerides) and raise ""good"" cholesterol (HDL) in the blood.A high level of Cholesterol in the blood may lead to several fatal diseases. Lipiget Tablets wo READ MORE","
Use With Caution having Liver disease, Kidney disease, Alcohol use.Check all the ingredients before using this.Check if you are or are not allergic from any ingredients contained in this medicine.Do not exceed the recommended dose.It should not be given to pregnant women or women who are nursing their infants. Should not be given to children.
","
Lipiget Tablet has proved to be beneficial for many disorders; however, it may also cause certain undesirable effects such asDrowsinessDizzinessHeadacheGIT upsetGastric UlcerationVomitingEpistaxis (nose bleeding)Arthralgia (joint pain)Allergic reactionsAbnormal liver function testDyspepsiaSome patients might experience gastrointestinal disturbances.Fatigue (tiredness)NauseaVomitingHyperglycaemia (high blood sugar levels)Myalgia (muscle pain)Increased blood creatine kinaseIf any of these adverse reactions persist or may get worse, contact your doctor or pharmacist immediately for medical attention.Lipiget Tablet in PregnancyLipiget tablets are not recommended during pregnancy unless clearly needed and if your doctor specifically prescribes it.Lipiget Tablets should not be given in labor and delivery.Lipiget tablets should not be given to mothers who are nursing their infants.
"
https://static.servaid.com.pk/product/bulk/007372.jpg,Descol 10MG Tab 1x10 (L),"Atorvastatin
Nabiqasim",Rs. 166.3/Pack,"It is used along with a proper diet to help lower ""bad"" cholesterol and fats (such as LDL, triglycerides) and raise ""good"" cholesterol (HDL) in the blood.","
Use With Caution having Liver disease, Kidney disease, Alcohol use.
","
Muscle pain, Tenderness, Weakness. Rarely can cause Rhabdomyolysis and Autoimmune myopathy.
"
https://static.servaid.com.pk/product/bulk/003544.jpg,Sensicon 10MG Tab 1x10 (L),"Atorvastatin
Barrett",Rs. 176.5/Pack,"It is used along with a proper diet to help lower ""bad"" cholesterol and fats (such as LDL, triglycerides) and raise ""good"" cholesterol (HDL) in the blood.","
Use With Caution having Liver disease, Kidney disease, Alcohol use.
","
Muscle pain, Tenderness, Weakness. Rarely can cause Rhabdomyolysis and Autoimmune myopathy.
"
https://static.servaid.com.pk/product/bulk/012492.jpg,Vastor Am 5/10MG Tab 1x10 (L),"Amlodipine and Atorvastatin
Barrett",Rs. 177.9/Pack,This Medication is used to treat Hypertension or High Cholestrol.,"
Use With Caution having Hypersenstivity, Actinic keratosis, Liver disease, Heart disease, Dizziness, Lightheadedness. Do not Use it in Pregnancy and Breast-Feeding.
","
Insomnia, Myalgia, Asthenia, Myopathy, GI disturbance, Dizziness, Wheezing, Syncope.
"
https://static.servaid.com.pk/product/bulk/003642.jpg,Simvazaf 20MG Tab 1x10 (L),"Simvastatin
Zafa",Rs. 180.8/Pack,It is used to treat High Cholesterol levels.,"
Use with caution having liver disease, kidney disease and alcohol use.
","
It does not have serious side effects.
"
https://static.servaid.com.pk/product/bulk/000751.jpg,Lipidin 10MG Tab 1x10 (L),"Atorvastatin
Schazoo",Rs. 182/Pack,"It is used along with a proper diet to help lower ""bad"" cholesterol and fats (such as LDL, triglycerides) and raise ""good"" cholesterol (HDL) in the blood.","
Use With Caution having Liver disease, Kidney disease, Alcohol use.
","
Muscle pain, Tenderness, Weakness. Rarely can cause Rhabdomyolysis and Autoimmune myopathy.
"
https://static.servaid.com.pk/product/bulk/011135.jpg,Kestore 20MG Tab 1x10 (L),"Rosuvastatin
Scilife",Rs. 184.7/Pack,It is used to treat High Cholesterol levels.,"
Use with caution having liver disease, kidney disease and alcohol use.
","
It does not have serious side effects.
"
https://static.servaid.com.pk/product/bulk/000762.jpg,Lipirex 10MG Tab 1x10 (L),"Atorvastatin
Highnoon",Rs. 184.8/Pack,"It is a prescribed medication having a generic name known as atorvastatin. It belongs to the medical class of Lipid-lowering agents or known as statins or HMG-CoA reductase inhibitors.

Availability

If we discuss the Lipirex tablet a

READ MORE","
Lipirex tablet precautions are following.Before using this medicine, inform the doctor about your past and current medical history. Also, inform the doctor if you are supplements such as herbal supplements.Also, inform the doctor if you have an allergic problem to any of the ingredients present in this medication. But remember, inform the doctor about this issue before taking this medicine. Otherwise, it can cause adverse side effects.People having problems of heart, kidneys should consult the doctor before taking this medicine.Avoid the use of alcohol while taking this medicine.
","
Lipirex tablet side effects are listed below. Maybe all people do not experience its side effects. Some of its side effects disappear with time as the body adjusts itself to the medicine. But if any of the side effects persist, then immediately seek clinical help and consult the doctor.Lipirex tablet can cause gastrointestinal infection symptoms such as diarrhea. It can also cause problems related to increased transaminases.It can cause some common side effects such as nausea, dry mouth problem, sore throat, and cold containing the symptoms such as the runny or stuffy nose.It can also cause joint pain and insomnia problems.It may also cause a loss of appetite. It can also cause stomach problems such as digestion issues.It can also cause infections such as unary infections and muscle pain or muscle spasms.It may also cause musculoskeletal pain. This pain affects multiple tissues of our body, such as muscles, and joints, and tendons. It can also affect ligaments.Lipirex tablet can also cause limb pain, chest pain known as angina, and pain in the mouth and throat.It can cause lightheadedness, dizziness, and fainting. It can also cause muscle ache and muscle inflammation with or without pain.It may cause difficulty in breathing or a problem of shortness of breath.It can cause severe allergic problems such as allergic reactions or rashes on different parts of a patient’s body.It may cause steven Johnson syndrome problem.Maybe all of the possible side effects related to the Lipirex tablet not described here. Therefore, consult the doctor for more details.
"
https://static.servaid.com.pk/product/bulk/004580.jpg,Vastor Am 10/10MG Tab 1x10 (L),"Amlodipine and Atorvastatin
Atco Lab",Rs. 184.8/Pack,This Medication is used to treat Hypertension or High Cholestrol.,"
Use With Caution having Hypersenstivity, Actinic keratosis, Liver disease, Heart disease, Dizziness, Lightheadedness. Do not Use it in Pregnancy and Breast-Feeding.
","
Insomnia, Myalgia, Asthenia, Myopathy, GI disturbance, Dizziness, Wheezing, Syncope.
"
https://static.servaid.com.pk/product/bulk/038490.jpg,Crescor 10MG Tab 1x10 (L),"Rosuvastatin
General",Rs. 184.8/Pack,It is used to treat High Cholesterol levels.,"
Use with caution having liver disease, kidney disease and alcohol use.
","
It does not have serious side effects.
"
https://static.servaid.com.pk/product/bulk/040540.jpg,Vasta 10MG Tab 1x10 (L),"Atorvastatin
Medicraft",Rs. 191.3/Pack,It lowers high (bad) cholesterol and triglycerides levels in the blood and is indicated for the treatment of hyperlipidemia.,"
Keep out of the reach of the children. Store at room temperature, i.e. below 30 degrees Celsius. Protect from direct exposure to sunlight, heat, or humidity. Check the expiry date before using it. Consult your doctor before taking any kind of medicine.
","
Consult a doctor if it causes any kinds of adverse reactions to you including digestive problems (gas, bloating, flatulence, abdominal cramps or pain, GERD), allergies (skin irritations, itchiness, swelling), headache, etc.
"
https://static.servaid.com.pk/product/bulk/008571.jpg,Gempid 600MG Tab 2x10 (L),"Gemfibrozil
Atco Lab",Rs. 194/Pack,"Gempid tablets are used to lower triglycerides levels in the blood. Triglycerides are the most common type of fats. They are mostly found in butter and oils. They are the indication of extra pounds that you need to shed in order to maintain your

READ MORE","
Before taking the medication, inform the doctor about the allergies that you might have. Also, inform the doctor about other ailments that you might have.Before going for surgery, inform the doctor about the use of this medication.This medication should not be used during pregnancy because it can cause miscarriage.This medication should not be used by breastfeeding mothers because it can pass onto the milk in small amounts and may cause damage to the child’s health.People taking this medication should avoid going out in the sun because the medication may make you sensitive to the sun.This medication may slow down the working of other medications used alongside this one.Tell your doctor/Pharmacist your medical history of, Biliary cirrhosis, Gallbladder disease, Kidney disease, Alcohol use.
","
Likewise, every other medication Gempid tablet also has some side effects that vary from individual to individual. Few people might not experience any side effects. Following are some of the common side effects associated with the use of this medication. Stomach cramping, upset stomach, or abdominal cramping are common with the use of this medication.Bad breath due to an upset stomach.Some people might experience gallstones and liver problems.Nausea and Vomiting are also common. This also happens due to stomach disruption.Yellowing of eyes and pale skin.Frequent urination and dark coloured urine.Muscle spasms, pain, and muscle tenderness.High blood pressure and shortness of breath might also be experienced by individuals with allergies to any of the substances present in the medication.Numbness and tingling of arms are also common side-effects of this medication.Stomach upset, Stomach/Abdominal pain or Unusual taste may occur.
"
https://www.servaid.com.pk/theme/images/ph/medicine.png,Vaslip 40MG Tab 1x10 (L),"Atorvastatin
Neutro Pharma",Rs. 194/Pack,,,
https://static.servaid.com.pk/product/bulk/036487.jpg,Rosera 10MG Tab 1x10 (L),"Rosuvastatin
",Rs. 198.7/Pack,It is used to treat High Cholesterol levels.,"
Use with caution having liver disease, kidney disease and alcohol use.
","
It does not have serious side effects.
"
https://static.servaid.com.pk/product/bulk/000766.jpg,Lipistat 20MG Tab 1x10 (L),"Atorvastatin
PharmaEdge",Rs. 201.4/Pack,"It is used along with a proper diet to help lower ""bad"" cholesterol and fats (such as LDL, triglycerides) and raise ""good"" cholesterol (HDL) in the blood.","
Use With Caution having Liver disease, Kidney disease, Alcohol use.
","
Muscle pain, Tenderness, Weakness. Rarely can cause Rhabdomyolysis and Autoimmune myopathy.
"
https://static.servaid.com.pk/product/bulk/012419.jpg,Vesonor 10MG Tab 1x10 (L),"Rosuvastatin
Genetics P",Rs. 201.4/Pack,It is used to treat High Cholesterol levels.,"
Use with caution having liver disease, kidney disease and alcohol use.
","
It does not have serious side effects.
"
https://static.servaid.com.pk/product/bulk/012501.jpg,Jezeta 10/10MG Tab 1x10 (L),"Atorvastatin and Ezetimibe
UDL",Rs. 205.3/Pack,"It is used along with a proper diet to help lower ""bad"" cholesterol and fats (such as LDL, triglycerides) and raise ""good"" cholesterol (HDL) in the blood.","
Use With Caution having Liver disease, Kidney disease, Alcohol use.
","
Muscle pain, Tenderness, Weakness. Rarely can cause Rhabdomyolysis and Autoimmune myopathy, worsen Diabetes.
"
https://static.servaid.com.pk/product/bulk/039120.jpg,Xenecor 10MG Tab 1x10 (L),"Rosuvastatin
ICI Pharma",Rs. 207.9/Pack,It is used to treat High Cholesterol levels.,"
Use with caution having liver disease, kidney disease and alcohol use.
","
It does not have serious side effects.
"
https://static.servaid.com.pk/product/bulk/003017.jpg,Recol 10MG Tab 1x10 (L),"Simvastatin
Barrett",Rs. 209.4/Pack,It is used to treat High Cholesterol levels.,"
Use with caution having liver disease, kidney disease and alcohol use.
","
It does not have serious side effects.
"
https://static.servaid.com.pk/product/bulk/014595.jpg,Cougar 10MG Tab 1x10 (L),"Rosuvastatin
Imported",Rs. 211.6/Pack,It is used to treat High Cholesterol levels.,"
Use with caution having liver disease, kidney disease and alcohol use.
","
It does not have serious side effects.
"
https://static.servaid.com.pk/product/bulk/002994.jpg,Rast 10MG Tab 1x10 (L),"Rosuvastatin
Tabros",Rs. 217.1/Pack,"Rast tablets fall under the class of drugs statins. The tablets are also known as lipid regulating agents. It comes with the generic name of Rosuvastatin. The tablets are recommended along with a healthy diet and exercise to reduce bad fat (LDL).

READ MORE","
The comprehensive rast tablets precautions are listed below. It is mandatory to scrutinize all the precautionary measures before usage to avoid adverse effects.Do not use rast tablets if you are hypersensitive to rosuvastatin or any of its inactive ingredients.Inform your doctor of your medical history, previous allergies, and medication you are already using.Notify your doctor if you are a patient of liver or kidney disease.Do not take the tablets if you have prolonged body and muscle pain.Do not use the tablets in case of organ transplantation and using ciclosporins medicine.Notify your doctor if you are already using tablets for lowering cholesterol levels like fibrates.Do not use the tablets without a doctor's prescription if you have a respiratory disorder.Notify your doctor if you are using any antibiotic like fusidic acid to avoid harmful drugs interactions.Do not use the tablets without a doctor's prescription if you are pregnant or planning for it.Do not use the tablets without a doctor's prescription if you are breastfeeding.Avoid taking a high dose of medicine if you have a thyroid problem.Avoid consumption of alcohol.Keep a regular check on your cholesterol level.Keep the medicine away from the reach of children.Place the tablets in cool, dry, and safe place.Use with caution having liver disease, kidney disease and alcohol use.
","
The potential rast tablet's side effects are listed below. Consult a doctor in case of extreme and prolonged side effects.Nausea.Stomach upset.Dizziness.Vomiting.Trouble breathing.Swelling on face, throat, or lips.Muscle weakness.Constipation.Itching.Elevated urine proteins level. This high level is restored on its own.You might develop diabetes if you are obese or have a high blood sugar level. Extreme side effects include kidney problems and decreased platelets in the blood. Periodic monitoring of blood is recommended. 
"
https://static.servaid.com.pk/product/bulk/003318.jpg,Roswin 10MG Tab 1x10 (L),"Rosuvastatin
Martin Dow",Rs. 217.1/Pack,It is used to treat High Cholesterol levels.,"
Use with caution having liver disease, kidney disease and alcohol use.
","
It does not have serious side effects.
"
https://static.servaid.com.pk/product/bulk/003328.jpg,Rova 10MG Tab 1x10 (L),"Rosuvastatin
Bosch",Rs. 217.1/Pack,It is used to treat High Cholesterol levels.,"
Use with caution having liver disease, kidney disease and alcohol use.
","
It does not have serious side effects.
"
https://static.servaid.com.pk/product/bulk/003336.jpg,Roviros 10MG Tab 1x10 (L),"Rosuvastatin
Nabiqasim",Rs. 217.1/Pack,It is used to treat High Cholesterol levels.,"
Use with caution having liver disease, kidney disease and alcohol use.
","
It does not have serious side effects.
"
https://static.servaid.com.pk/product/bulk/013112.jpg,Rosuvax 10MG Tab 1x10 (L),"Rosuvastatin
HAYAThygnc",Rs. 217.2/Pack,It is used to treat High Cholesterol levels.,"
Use with caution having liver disease, kidney disease and alcohol use.
","
It does not have serious side effects.
"
https://static.servaid.com.pk/product/bulk/002917.jpg,Aurora 10MG Tab 1x10 (L),"Rosuvastatin
Ferozsons",Rs. 218.1/Pack,It is used to treat High Cholesterol levels.,"
Use with caution having liver disease, kidney disease and alcohol use.
","
It does not have serious side effects.
"
https://static.servaid.com.pk/product/bulk/014789.jpg,Unitil 10MG Tab 1x10 (L),"Rosuvastatin
Next",Rs. 218.1/Pack,It is used to treat High Cholesterol levels.,"
Use with caution having liver disease, kidney disease and alcohol use.
","
It does not have serious side effects.
"
https://static.servaid.com.pk/product/bulk/003315.jpg,Rosulin 10MG Tab 1x10 (L),"Rosuvastatin
Highnoon",Rs. 221.8/Pack,It is used to treat High Cholesterol levels.,"
Use with caution having liver disease, kidney disease and alcohol use.
","
It does not have serious side effects.
"
https://static.servaid.com.pk/product/bulk/014611.jpg,Rosca 10MG Tab 1x10 (L),"Rosuvastatin
Barrett",Rs. 221.8/Pack,It is used to treat High Cholesterol levels.,"
Use with caution having liver disease, kidney disease and alcohol use.
","
It does not have serious side effects.
"
https://static.servaid.com.pk/product/bulk/014757.jpg,Fortius 10MG Tab 1x10 (L),"Rosuvastatin
Wisdom",Rs. 221.8/Pack,It is used to treat High Cholesterol levels.,"
Use with caution having liver disease, kidney disease and alcohol use.
","
It does not have serious side effects.
"
https://static.servaid.com.pk/product/bulk/004556.jpg,Vaptor 10MG Tab 1x10 (L),"Rosuvastatin
Searle",Rs. 222.5/Pack,It is used to treat High Cholesterol levels.,"
Use with caution having liver disease, kidney disease and alcohol use.
","
It does not have serious side effects.
"
https://static.servaid.com.pk/product/bulk/003285.jpg,Rolip 10MG Tab 1x10 (L),"Rosuvastatin
Hilton",Rs. 223.4/Pack,It is used to treat High Cholesterol levels.,"
Use with caution having liver disease, kidney disease and alcohol use.
","
It does not have serious side effects.
"
https://static.servaid.com.pk/product/bulk/003312.jpg,Rosubar 10MG Tab 1x10 (L),"Rosuvastatin
Barrett",Rs. 223.4/Pack,It is used to treat High Cholesterol levels.,"
Use with caution having liver disease, kidney disease and alcohol use.
","
It does not have serious side effects.
"
https://static.servaid.com.pk/product/bulk/006075.jpg,Xovat 10MG Tab 1x10 (L),"Rosuvastatin
AspinPhrma",Rs. 226.1/Pack,It is used to treat High Cholesterol levels.,"
Use with caution having liver disease, kidney disease and alcohol use.
","
It does not have serious side effects.
"
https://static.servaid.com.pk/product/bulk/013295.jpg,Rusiam 10MG Tab 1x10 (L),"Rosuvastatin
Aries",Rs. 227.3/Pack,It is used to treat High Cholesterol levels.,"
Use with caution having liver disease, kidney disease and alcohol use.
","
It does not have serious side effects.
"
https://static.servaid.com.pk/product/bulk/000771.jpg,Lipivastin 20MG Tab 1x10 (L),"Atorvastatin
Mass Phrma",Rs. 231/Pack,"It is used along with a proper diet to help lower ""bad"" cholesterol and fats (such as LDL, triglycerides) and raise ""good"" cholesterol (HDL) in the blood.","
Use With Caution having Liver disease, Kidney disease, Alcohol use.
","
Muscle pain, Tenderness, Weakness. Rarely can cause Rhabdomyolysis and Autoimmune myopathy.
"
https://static.servaid.com.pk/product/bulk/003628.jpg,Simbex 10/10MG Tab 1x10 (L),"Simvastatin & Ezetimibe
Searle",Rs. 231/Pack,It is used to treat High Cholesterol levels.,"
Use with caution having liver disease, kidney disease and alcohol use.
","
It does not have serious side effects.
"
https://static.servaid.com.pk/product/bulk/003635.jpg,Simva 10MG Tab 2x10 (L),"Simvastatin
Nabiqasim",Rs. 231/Pack,It is used to treat High Cholesterol levels.,"
Use with caution having liver disease, kidney disease and alcohol use.
","
It does not have serious side effects.
"
https://static.servaid.com.pk/product/bulk/010432.jpg,Pitalo 2MG Tab 1x10 (L),"Pitavastatin
Genix",Rs. 231/Pack,It is used to treat High Cholesterol levels.,"
Use with caution having liver disease, kidney disease and alcohol use.
","
It does not have serious side effects.
 "
https://static.servaid.com.pk/product/bulk/003798.jpg,Stat-A 10MG Tab 1x14 (L),"Atorvastatin
High-Q",Rs. 232.82/Pack,"It is used along with a proper diet to help lower ""bad"" cholesterol and fats (such as LDL, triglycerides) and raise ""good"" cholesterol (HDL) in the blood.","
Use With Caution having Liver disease, Kidney disease, Alcohol use.
","
Muscle pain, Tenderness, Weakness. Rarely can cause Rhabdomyolysis and Autoimmune myopathy.
"
https://static.servaid.com.pk/product/bulk/003331.jpg,Rovator 10MG Tab 1x10 (L),"Rosuvastatin
Atco Lab",Rs. 237.7/Pack,It is used to treat High Cholesterol levels.,"
Use with caution having liver disease, kidney disease and alcohol use.
","
It does not have serious side effects.
"
https://static.servaid.com.pk/product/bulk/007183.jpg,Crestat 10MG Tab 1x10 (L),"Rosuvastatin
CCL",Rs. 237.7/Pack,It is used to treat High Cholesterol levels.,"
Use with caution having liver disease, kidney disease and alcohol use.
","
It does not have serious side effects.
"
https://static.servaid.com.pk/product/bulk/012657.jpg,Ruvastat 10MG Tab 1x10 (L),"Rosuvastatin
General",Rs. 237.7/Pack,It is used to treat High Cholesterol levels.,"
Use with caution having liver disease, kidney disease and alcohol use.
","
It does not have serious side effects.
"
https://static.servaid.com.pk/product/bulk/011164.jpg,Rostor 10MG Tab 1x10 (L),"Rosuvastatin
Saffron",Rs. 238/Pack,It is used to treat High Cholesterol levels.,"
Use with caution having liver disease, kidney disease and alcohol use.
","
It does not have serious side effects.
"
https://static.servaid.com.pk/product/bulk/002749.jpg,Atorva 10MG Tab 1x10 (L),"Atorvastatin
Pharmatec",Rs. 239.3/Pack,"It is used along with a proper diet to help lower ""bad"" cholesterol and fats (such as LDL, triglycerides) and raise ""good"" cholesterol (HDL) in the blood.","
Use With Caution having Liver disease, Kidney disease, Alcohol use.
","
Muscle pain, Tenderness, Weakness. Rarely can cause Rhabdomyolysis and Autoimmune myopathy.
"
https://static.servaid.com.pk/product/bulk/000755.jpg,Lipiget Ez 10/10MG Tab 1x10 (L),"Atorvastatin and Ezetimibe
Getz",Rs. 240.2/Pack,"It is used along with a proper diet to help lower ""bad"" cholesterol and fats (such as LDL, triglycerides) and raise ""good"" cholesterol (HDL) in the blood.","
Use With Caution having Liver disease, Kidney disease, Alcohol use.
 ","
Muscle pain, Tenderness, Weakness. Rarely can cause Rhabdomyolysis and Autoimmune myopathy.
"
https://static.servaid.com.pk/product/bulk/010084.jpg,Rosunext 10MG Tab 1x10 (L),"Rosuvastatin
Next",Rs. 244.7/Pack,It is used to treat High Cholesterol levels.,"
Use with caution having liver disease, kidney disease and alcohol use.
","
It does not have serious side effects.
"
https://static.servaid.com.pk/product/bulk/004958.jpg,X-Plended 10MG Tab 1x10 (L),"Rosuvastatin
Pharmevo",Rs. 245.8/Pack,It is used to treat High Cholesterol levels.,"
Use with caution having liver disease, kidney disease and alcohol use.
","
It does not have serious side effects.
"
https://static.servaid.com.pk/product/bulk/006190.jpg,Rosuva 10MG Tab 1x10 (L),"Rosuvastatin
Wilsons",Rs. 245.8/Pack,It is used to treat High Cholesterol levels.,"
Use with caution having liver disease, kidney disease and alcohol use.
","
It does not have serious side effects.
"
https://static.servaid.com.pk/product/bulk/003339.jpg,Rovista 10MG Tab 1x10 (L),"Rosuvastatin
Getz",Rs. 254.5/Pack,"Rovistatablet is known as one of the most generic forms of the tablet that is generally taken from the mouth and is extremely effective for treating high cholesterol including a number of other conditions which are generally passed through the fa

READ MORE","
Before using this medicine always talk to your doctor especially if you are suffering from allergies because the ingredients which have been used to manufacture this medicine might cause some serious allergic reaction, so it is important to consider your medical condition.For all those suffering from serious kidney diseases or lung diseases, it is important to consult your doctors before using this medication because it can cause some serious allergic reactions to them.Always try to limit beverages or the usage of alcohol because that can increase the risk of liver problems and lungs diseases.It is a very sensitive drug because it has some serious side effects while using in pregnancy condition, so it is advised not to use this medication during the time period of childbirth.
","
Rovistatablet is extremely effective for treating a number of heart diseases, but at the same time, it can cause some serious side effects if not taken with care or with the consultation of doctors so take this medicine after the consultation of doctors.Some of these serious Rovista tablet side effects are given below:Whenever doctors advise you of this medicine, there must be some serious consultation and after judgment of body conditions having a consultation with doctor minimizes the risk of side effects. But it can cause some serious problems such as memory loss and confusion while taking.The rare side effects also include diabetes and a number of other muscle diseases so in order to have the best possible affect always talk to your doctor no matter whether you are suffering from any disease or not.The problem in urination is also very serious conditions tell your doctor spontaneously if you suffer from any of these conditions along with weakness or pain in the muscle.The rashes around the eye area along with stomach problem and abdominal pain are also considered as a serious side effect of using this medicine.
"
https://static.servaid.com.pk/product/bulk/002111.jpg,Omnitor 5MG Tab 2x10 (L),"Rosuvastatin
Macter",Rs. 260.6/Pack,It is used to treat High Cholesterol levels.,"
Use with caution having liver disease, kidney disease and alcohol use.
","
It does not have serious side effects.
"
https://static.servaid.com.pk/product/bulk/004847.jpg,Winstor 20MG Tab 1x10 (L),"Atorvastatin
Sanofi",Rs. 261.5/Pack,"It is used along with a proper diet to help lower ""bad"" cholesterol and fats (such as LDL, triglycerides) and raise ""good"" cholesterol (HDL) in the blood.","
Use With Caution having Liver disease, Kidney disease, Alcohol use.
","
Muscle pain, Tenderness, Weakness. Rarely can cause Rhabdomyolysis and Autoimmune myopathy.
"
https://static.servaid.com.pk/product/bulk/004962.jpg,Xtor 20MG Tab 1x10 (L),"Atorvastatin
Genetics",Rs. 268/Pack,"It is used along with a proper diet to help lower ""bad"" cholesterol and fats (such as LDL, triglycerides) and raise ""good"" cholesterol (HDL) in the blood.","
Use With Caution having Liver disease, Kidney disease, Alcohol use.
","
Muscle pain, Tenderness, Weakness. Rarely can cause Rhabdomyolysis and Autoimmune myopathy.
"
https://static.servaid.com.pk/product/bulk/037998.jpg,Am-Descol 5/10MG Tab 2x7 (L),"Amlodipine and Atorvastatin
General",Rs. 276.36/Pack,This Medication is used to treat Hypertension or High Cholestrol.,"
Use With Caution having Hypersenstivity, Actinic keratosis, Liver disease, Heart disease, Dizziness, Lightheadedness. Do not Use it in Pregnancy and Breast-Feeding.
","
Insomnia, Myalgia, Asthenia, Myopathy, GI disturbance, Dizziness, Wheezing, Syncope.
"
https://static.servaid.com.pk/product/bulk/003629.jpg,Simbex 20/10MG Tab 1x10 (L),"Simvastatin & Ezetimibe
Searle",Rs. 277.2/Pack,It is used to treat High Cholesterol levels.,"
Use with caution having liver disease, kidney disease and alcohol use.
","
It does not have serious side effects.
"
https://static.servaid.com.pk/product/bulk/035600.jpg,Lochol 10MG Tab 1x30 (L),"Atorvastatin
J&amp;J Pak",Rs. 277.2/Pack,"It is used along with a proper diet to help lower ""bad"" cholesterol and fats (such as LDL, triglycerides) and raise ""good"" cholesterol (HDL) in the blood.","
Use With Caution having Liver disease, Kidney disease, Alcohol use.
","
Muscle pain, Tenderness, Weakness. Rarely can cause Rhabdomyolysis and Autoimmune myopathy.
"
https://static.servaid.com.pk/product/bulk/008175.jpg,Fenoget 200MG Cap 1x10 (L),"Fenofibrate
Getz",Rs. 281.8/Pack,"Fenoget capsule’s medication is a prescribed medicine that is used to improve the cholesterol level in the human body.

Fenoget capsule medication belongs to the medical class of drugs known as fabric acid derivatives. This medicine works by

READ MORE","
The precautions that should be followed while taking the Fenoget capsule are listed below.You should inform the doctor about your medical history before taking Fenoget Capsule.Inform the doctor if you are allergic to any of the ingredients used in Fenoget Capsule Formula.The patients suffering from kidney, liver, and gallbladder should inform before taking Fenoget Capsule treatment.Do not consume alcohol while taking Fenoget Capsule.If the patient is taking drugs that are used to lower the cholesterol, then they should be taken at least 1 hour before taking the Fenoget capsule or 4 to 6 hours after taking Fenoget.Fenoget in pregnancy should be taken if needed or after consultation with your doctor.Fenoget should be stored at room temperature and should be kept away from children and pet’s reach.During pregnancy, this medication should be used only when clearly needed. Tell your doctor/Pharmacist your medical history, especially of Kidney disease, Gallbladder disease, Liver disease (such as Biliary cirrhosis, Hepatitis), Alcohol use.
","
Fenoget Capsule side effects are:The most common side effects that occur by using Fenoget capsules are nausea, headache, runny nose, indigestion, pain in the back, and muscle pain. These side effects may disappear in a couple of weeks if they are mild. But if they persist, consult the doctor.The severe and serious side effects caused by the Fenoget capsule includes liver problem including the symptoms of pale skin, whitening of eyes, etc. it can also cause severe allergic reactions such as skin rashes, itching, swelling on lips, tongue, hands, feet, or in any other part of the body, and blistering of the skin.It can also cause chills, vomiting, and fever.Persistent Nausea/Vomiting, Loss of appetite, Stomach/Abdominal pain, Yellowing Eyes/Skin, Dark urine may occur.
"
https://static.servaid.com.pk/product/bulk/005198.jpg,Zocor 10MG Tab 1x10 (L),"Simvastatin
OBS",Rs. 282/Pack,It is used to treat High Cholesterol levels.,"
Use with caution having liver disease, kidney disease and alcohol use.
","
It does not have serious side effects.
"
https://static.servaid.com.pk/product/bulk/014476.jpg,Myopro 20MG Tab 1x10 (L),"Atorvastatin
Asta Lab",Rs. 287.4/Pack,"It is used along with a proper diet to help lower ""bad"" cholesterol and fats (such as LDL, triglycerides) and raise ""good"" cholesterol (HDL) in the blood.","
Use With Caution having Liver disease, Kidney disease, Alcohol use.
","
Muscle pain, Tenderness, Weakness. Rarely can cause Rhabdomyolysis and Autoimmune myopathy.
"
https://static.servaid.com.pk/product/bulk/003545.jpg,Sensicon 20MG Tab 1x10 (L),"Atorvastatin
Barrett",Rs. 290.4/Pack,"It is used along with a proper diet to help lower ""bad"" cholesterol and fats (such as LDL, triglycerides) and raise ""good"" cholesterol (HDL) in the blood.","
Use With Caution having Liver disease, Kidney disease, Alcohol use.
","
Muscle pain, Tenderness, Weakness. Rarely can cause Rhabdomyolysis and Autoimmune myopathy.
"
https://static.servaid.com.pk/product/bulk/007373.jpg,Descol 20MG Tab 1x10 (L),"Atorvastatin
Nabiqasim",Rs. 294.8/Pack,"It is used along with a proper diet to help lower ""bad"" cholesterol and fats (such as LDL, triglycerides) and raise ""good"" cholesterol (HDL) in the blood.","
Use With Caution having Liver disease, Kidney disease, Alcohol use.
","
Muscle pain, Tenderness, Weakness. Rarely can cause Rhabdomyolysis and Autoimmune myopathy.
"
https://static.servaid.com.pk/product/bulk/003915.jpg,Survive 20MG Tab 1x10 (L),"Simvastatin
Werrick",Rs. 295.7/Pack,It is used to treat High Cholesterol levels.,"
Use with caution having liver disease, kidney disease and alcohol use.
","
It does not have serious side effects.
"
https://static.servaid.com.pk/product/bulk/003799.jpg,Stat-A 20MG Tab 1x14 (L),"Atorvastatin
Platinum",Rs. 314.16/Pack,"It is used along with a proper diet to help lower ""bad"" cholesterol and fats (such as LDL, triglycerides) and raise ""good"" cholesterol (HDL) in the blood.","
Use With Caution having Liver disease, Kidney disease, Alcohol use.
","
Muscle pain, Tenderness, Weakness. Rarely can cause Rhabdomyolysis and Autoimmune myopathy.
"
https://static.servaid.com.pk/product/bulk/014758.jpg,Fortius 20MG Tab 1x10 (L),"Rosuvastatin
Reko",Rs. 316/Pack,It is used to treat High Cholesterol levels.,"
Use with caution having liver disease, kidney disease and alcohol use.
","
It does not have serious side effects.
"
https://static.servaid.com.pk/product/bulk/000753.jpg,Lipidin 20MG Tab 1x10 (L),"Atorvastatin
Schazoo",Rs. 323.4/Pack,"It is used along with a proper diet to help lower ""bad"" cholesterol and fats (such as LDL, triglycerides) and raise ""good"" cholesterol (HDL) in the blood.","
Use With Caution having Liver disease, Kidney disease, Alcohol use.
","
Muscle pain, Tenderness, Weakness. Rarely can cause Rhabdomyolysis and Autoimmune myopathy.
"
https://static.servaid.com.pk/product/bulk/002793.jpg,Pro-Statin 20MG Tab 1x10 (L),"Atorvastatin
CCL",Rs. 323.4/Pack,"It is used along with a proper diet to help lower ""bad"" cholesterol and fats (such as LDL, triglycerides) and raise ""good"" cholesterol (HDL) in the blood.","
Use With Caution having Liver disease, Kidney disease, Alcohol use.
","
Muscle pain, Tenderness, Weakness. Rarely can cause Rhabdomyolysis and Autoimmune myopathy.
"
https://static.servaid.com.pk/product/bulk/012524.jpg,Pitalo 4MG Tab 1x10 (L),"Pitavastatin
Cell",Rs. 323.4/Pack,It is used to treat High Cholesterol levels.,"
Use with caution having liver disease, kidney disease and alcohol use.
","
It does not have serious side effects.
"
https://static.servaid.com.pk/product/bulk/038491.jpg,Crescor 20MG Tab 1x10 (L),"Rosuvastatin
General",Rs. 323.4/Pack,It is used to treat High Cholesterol levels.,"
Use with caution having liver disease, kidney disease and alcohol use.
","
It does not have serious side effects.
"
https://static.servaid.com.pk/product/bulk/012500.jpg,Jezeta 10/20MG Tab 1x10 (L),"Atorvastatin and Ezetimibe
UDL",Rs. 327.9/Pack,"It is used along with a proper diet to help lower ""bad"" cholesterol and fats (such as LDL, triglycerides) and raise ""good"" cholesterol (HDL) in the blood.","
Use With Caution having Liver disease, Kidney disease, Alcohol use.
","
Muscle pain, Tenderness, Weakness. Rarely can cause Rhabdomyolysis and Autoimmune myopathy, worsen Diabetes.
"
https://static.servaid.com.pk/product/bulk/003018.jpg,Recol 20MG Tab 1x10 (L),"Simvastatin
Barrett",Rs. 330.2/Pack,It is used to treat High Cholesterol levels.,"
Use with caution having liver disease, kidney disease and alcohol use.
","
It does not have serious side effects.
"
https://static.servaid.com.pk/product/bulk/036013.jpg,Orvast 10MG Tab 3x10 (L),"Atorvastatin
Searle",Rs. 330.6/Pack,"It is used along with a proper diet to help lower ""bad"" cholesterol and fats (such as LDL, triglycerides) and raise ""good"" cholesterol (HDL) in the blood.","
Use With Caution having Liver disease, Kidney disease, Alcohol use.
","
Muscle pain, Tenderness, Weakness. Rarely can cause Rhabdomyolysis and Autoimmune myopathy.
"
https://static.servaid.com.pk/product/bulk/000589.jpg,Lastolip 10MG Tab 2x10 (L),"Atorvastatin
Wilshire",Rs. 332.6/Pack,"It is used along with a proper diet to help lower ""bad"" cholesterol and fats (such as LDL, triglycerides) and raise ""good"" cholesterol (HDL) in the blood.","
Use With Caution having Liver disease, Kidney disease, Alcohol use.
","
Muscle pain, Tenderness, Weakness. Rarely can cause Rhabdomyolysis and Autoimmune myopathy.
"
https://static.servaid.com.pk/product/bulk/000763.jpg,Lipirex 20MG Tab 1x10 (L),"Atorvastatin
Highnoon",Rs. 332.7/Pack,"It is used along with a proper diet to help lower ""bad"" cholesterol and fats (such as LDL, triglycerides) and raise ""good"" cholesterol (HDL) in the blood.","
Use With Caution having Liver disease, Kidney disease, Alcohol use.
","
Muscle pain, Tenderness, Weakness. Rarely can cause Rhabdomyolysis and Autoimmune myopathy.
"
https://static.servaid.com.pk/product/bulk/036792.jpg,Baristat 40MG Tab 2x10 (L),"Febuxostat
Hilton",Rs. 332.6/Pack,Febuxostat is used to lower uric acid levels in people with Gout.,"
Before taking febuxostat, tell your doctor or pharmacist if you are allergic to it; or if you have any other allergies. This product may contain inactive ingredients, which can cause allergic reactions or other problems. Talk to your pharmacist for more details. Before using this medication, tell your doctor or pharmacist your medical history, especially of cancer, heart disease (such as heart attack, chest pain/angina), stroke, liver disease, kidney disease, organ transplant. Before having surgery, tell your doctor or dentist about all the products you use (including prescription drugs, nonprescription drugs, and herbal products). During pregnancy, this medication should be used only when clearly needed. Discuss the risks and benefits with your doctor.
","
Nausea may occur. Febuxostat may rarely cause serious (possibly fatal) liver disease. It may also cause an increase in liver enzymes.
"
https://static.servaid.com.pk/product/bulk/003330.jpg,Rova 20MG Tab 1x10 (L),"Rosuvastatin
Bosch",Rs. 340.1/Pack,It is used to treat High Cholesterol levels.,"
Use with caution having liver disease, kidney disease and alcohol use.
","
It does not have serious side effects.
"
https://static.servaid.com.pk/product/bulk/003313.jpg,Rosubar 20MG Tab 1x10 (L),"Rosuvastatin
Barrett",Rs. 346.3/Pack,It is used to treat High Cholesterol levels.,"
Use with caution having liver disease, kidney disease and alcohol use.
","
It does not have serious side effects.
"
https://static.servaid.com.pk/product/bulk/003337.jpg,Roviros 20MG Tab 1x10 (L),"Rosuvastatin
Nabiqasim",Rs. 346.5/Pack,It is used to treat High Cholesterol levels.,"
Use with caution having liver disease, kidney disease and alcohol use.
","
It does not have serious side effects.
"
https://static.servaid.com.pk/product/bulk/008056.jpg,Ezita 10MG Tab 1x10 (L),"Ezetimibe
Getz",Rs. 351.1/Pack,Ezetimibe is used along with a low cholesterol/low fat diet and exercise to help lower cholesterol in the blood.,"
During pregnancy, this medication should be used only when clearly needed. Tell your doctor/Pharmacist your medical history of liver disease.
","
Signs of Liver problems (such as severe Stomach/Abdominal pain, Persistent Nausea/Vomiting, Yellowing eyes/Skin, Dark urine), Muscle pain/Tenderness/Weakness especially with fever or unusual tiredness may occur.
"
https://static.servaid.com.pk/product/bulk/035675.jpg,Lastolip Ez 10/10MG Tab 2x10 (L),"Atorvastatin and Ezetimibe
Ferozsons",Rs. 351/Pack,"It is used along with a proper diet to help lower ""bad"" cholesterol and fats (such as LDL, triglycerides) and raise ""good"" cholesterol (HDL) in the blood.","
Use With Caution having Liver disease, Kidney disease, Alcohol use.
 ","
Muscle pain, Tenderness, Weakness. Rarely can cause Rhabdomyolysis and Autoimmune myopathy.
"
https://static.servaid.com.pk/product/bulk/036488.jpg,Rosera 20MG Tab 1x10 (L),"Rosuvastatin
",Rs. 351.1/Pack,It is used to treat High Cholesterol levels.,"
Use with caution having liver disease, kidney disease and alcohol use.
","
It does not have serious side effects.
"
https://static.servaid.com.pk/product/bulk/039121.jpg,Xenecor 20MG Tab 1x10 (L),"Rosuvastatin
ICI Pharma",Rs. 355.5/Pack,It is used to treat High Cholesterol levels.,"
Use with caution having liver disease, kidney disease and alcohol use.
","
It does not have serious side effects.
"
https://static.servaid.com.pk/product/bulk/002924.jpg,Aurora 20MG Tab 1x10 (L),"Rosuvastatin
Ferozsons",Rs. 355.8/Pack,It is used to treat High Cholesterol levels.,"
Use with caution having liver disease, kidney disease and alcohol use.
","
It does not have serious side effects.
"
https://static.servaid.com.pk/product/bulk/003332.jpg,Rovator 20MG Tab 1x10 (L),"Rosuvastatin
Atco Lab",Rs. 360.4/Pack,It is used to treat High Cholesterol levels.,"
Use with caution having liver disease, kidney disease and alcohol use.
","
It does not have serious side effects.
"
https://static.servaid.com.pk/product/bulk/012658.jpg,Ruvastat 20MG Tab 1x10 (L),"Rosuvastatin
Certeza",Rs. 361.8/Pack,It is used to treat High Cholesterol levels.,"
Use with caution having liver disease, kidney disease and alcohol use.
","
It does not have serious side effects.
"
https://static.servaid.com.pk/product/bulk/003636.jpg,Simva 20MG Tab 2x10 (L),"Simvastatin
Nabiqasim",Rs. 368.6/Pack,It is used to treat High Cholesterol levels.,"
Use with caution having liver disease, kidney disease and alcohol use.
","
It does not have serious side effects.
"
https://static.servaid.com.pk/product/bulk/003316.jpg,Rosulin 20MG Tab 1x10 (L),"Rosuvastatin
Highnoon",Rs. 369.6/Pack,It is used to treat High Cholesterol levels.,"
Use with caution having liver disease, kidney disease and alcohol use.
","
It does not have serious side effects.
"
https://static.servaid.com.pk/product/bulk/002995.jpg,Rast 20MG Tab 1x10 (L),"Rosuvastatin
Tabros",Rs. 371.5/Pack,It is used to treat High Cholesterol levels.,"
Use with caution having liver disease, kidney disease and alcohol use.
","
It does not have serious side effects.
"
https://static.servaid.com.pk/product/bulk/003286.jpg,Rolip 20MG Tab 1x10 (L),"Rosuvastatin
Hilton",Rs. 383.5/Pack,It is used to treat High Cholesterol levels.,"
Use with caution having liver disease, kidney disease and alcohol use.
","
It does not have serious side effects.
"
https://static.servaid.com.pk/product/bulk/000757.jpg,Lipiget 20MG Tab 1x10 (L),"Atorvastatin
Getz",Rs. 392.7/Pack,"It is used along with a proper diet to help lower ""bad"" cholesterol and fats (such as LDL, triglycerides) and raise ""good"" cholesterol (HDL) in the blood.","
Use With Caution having Liver disease, Kidney disease, Alcohol use.
","
Muscle pain, Tenderness, Weakness. Rarely can cause Rhabdomyolysis and Autoimmune myopathy.
"
https://static.servaid.com.pk/product/bulk/006076.jpg,Xovat 20MG Tab 1x10 (L),"Rosuvastatin
AspinPhrma",Rs. 392.7/Pack,It is used to treat High Cholesterol levels.,"
Use with caution having liver disease, kidney disease and alcohol use.
","
 It does not have serious side effects.
"
https://static.servaid.com.pk/product/bulk/004557.jpg,Vaptor 20MG Tab 1x10 (L),"Rosuvastatin
Searle",Rs. 395.5/Pack,It is used to treat High Cholesterol levels.,"
Use with caution having liver disease, kidney disease and alcohol use.
","
It does not have serious side effects.
"
https://static.servaid.com.pk/product/bulk/012499.jpg,Jezeta 10/40MG Tab 1x10 (L),"Atorvastatin and Ezetimibe
UDL",Rs. 406.6/Pack,"It is used along with a proper diet to help lower ""bad"" cholesterol and fats (such as LDL, triglycerides) and raise ""good"" cholesterol (HDL) in the blood.","
Use With Caution having Liver disease, Kidney disease, Alcohol use.
","
Muscle pain, Tenderness, Weakness. Rarely can cause Rhabdomyolysis and Autoimmune myopathy, worsen Diabetes.
 "
https://static.servaid.com.pk/product/bulk/004959.jpg,X-Plendid 20MG Tab 1x10 (L),"Rosuvastatin
Pharmevo",Rs. 407.5/Pack,It is used to treat High Cholesterol levels.,"
Use with caution having liver disease, kidney disease and alcohol use.
","
It does not have serious side effects.
"
https://static.servaid.com.pk/product/bulk/000754.jpg,Lipidin 40MG Tab 1x10 (L),"Atorvastatin
Schazoo",Rs. 409.4/Pack,"It is used along with a proper diet to help lower ""bad"" cholesterol and fats (such as LDL, triglycerides) and raise ""good"" cholesterol (HDL) in the blood.","
Use With Caution having Liver disease, Kidney disease, Alcohol use.
","
Muscle pain, Tenderness, Weakness. Rarely can cause Rhabdomyolysis and Autoimmune myopathy.
"
https://static.servaid.com.pk/product/bulk/008176.jpg,Fenoget 67MG Cap 3x10 (L),"Fenofibrate
Getz",Rs. 410.4/Pack,"Fenofibrate is used to help lower Low-density Lipoprotein, Triglycerides and raise High-density Lipoprotein in the blood.","
During pregnancy, this medication should be used only when clearly needed. Tell your doctor/Pharmacist your medical history, especially of Kidney disease, Gallbladder disease, Liver disease (such as Biliary cirrhosis, Hepatitis), Alcohol use.
","
Persistent Nausea/Vomiting, Loss of appetite, Stomach/Abdominal pain, Yellowing Eyes/Skin, Dark urine may occur.
"
https://static.servaid.com.pk/product/bulk/000764.jpg,Lipirex 40MG Tab 1x10 (L),"Atorvastatin
Highnoon",Rs. 415.8/Pack,"It is used along with a proper diet to help lower ""bad"" cholesterol and fats (such as LDL, triglycerides) and raise ""good"" cholesterol (HDL) in the blood.","
Use With Caution having Liver disease, Kidney disease, Alcohol use.
","
Muscle pain, Tenderness, Weakness. Rarely can cause Rhabdomyolysis and Autoimmune myopathy.
"
https://static.servaid.com.pk/product/bulk/004848.jpg,Winstor 40MG Tab 1x10 (L),"Atorvastatin
Sanofi",Rs. 424.6/Pack,"It is used along with a proper diet to help lower ""bad"" cholesterol and fats (such as LDL, triglycerides) and raise ""good"" cholesterol (HDL) in the blood.","
Use With Caution having Liver disease, Kidney disease, Alcohol use.
","
Muscle pain, Tenderness, Weakness. Rarely can cause Rhabdomyolysis and Autoimmune myopathy.
"
https://static.servaid.com.pk/product/bulk/002885.jpg,Qazzo 10MG Tab 2x10 (L),"Rosuvastatin
Wilshire",Rs. 425/Pack,It is used to treat High Cholesterol levels.,"
Use with caution having liver disease, kidney disease and alcohol use.
","
It does not have serious side effects.
"
https://static.servaid.com.pk/product/bulk/002753.jpg,Atorva 20MG Tab 1x10 (L),"Atorvastatin
Pharmatec",Rs. 426.7/Pack,"It is used along with a proper diet to help lower ""bad"" cholesterol and fats (such as LDL, triglycerides) and raise ""good"" cholesterol (HDL) in the blood.","
Use With Caution having Liver disease, Kidney disease, Alcohol use.
","
Muscle pain, Tenderness, Weakness. Rarely can cause Rhabdomyolysis and Autoimmune myopathy.
"
https://static.servaid.com.pk/product/bulk/003340.jpg,Rovista 20MG Tab 1x10 (L),"Rosuvastatin
Getz",Rs. 434.3/Pack,It is used to treat High Cholesterol levels.,"
Use with caution having liver disease, kidney disease and alcohol use.
","
It does not have serious side effects.
"
https://static.servaid.com.pk/product/bulk/007184.jpg,Crestat 20MG Tab 1x10 (L),"Rosuvastatin
CCL",Rs. 434.3/Pack,It is used to treat High Cholesterol levels.,"
Use with caution having liver disease, kidney disease and alcohol use.
","
It does not have serious side effects.
"
https://static.servaid.com.pk/product/bulk/012830.jpg,Rosuva 20MG Tab 1x10 (L),"Rosuvastatin
Innvotek",Rs. 459.2/Pack,It is used to treat High Cholesterol levels.,"
Use with caution having liver disease, kidney disease and alcohol use.
","
It does not have serious side effects.
"
https://static.servaid.com.pk/product/bulk/002109.jpg,Omnitor 10MG Tab 2x10 (L),"Rosuvastatin
Macter",Rs. 462/Pack,It is used to treat High Cholesterol levels.,"
Use with caution having liver disease, kidney disease and alcohol use.
","
It does not have serious side effects.
"
https://static.servaid.com.pk/product/bulk/000758.jpg,Lipiget 40MG Tab 1x10 (L),"Atorvastatin
Getz",Rs. 480.5/Pack,"It is used along with a proper diet to help lower ""bad"" cholesterol and fats (such as LDL, triglycerides) and raise ""good"" cholesterol (HDL) in the blood.","
Use With Caution having Liver disease, Kidney disease, Alcohol use.
","
Muscle pain, Tenderness, Weakness. Rarely can cause Rhabdomyolysis and Autoimmune myopathy.
"
https://static.servaid.com.pk/product/bulk/035599.jpg,Lochol 20MG Tab 1x30 (L),"Atorvastatin
J&amp;J Pak",Rs. 498.6/Pack,"It is used along with a proper diet to help lower ""bad"" cholesterol and fats (such as LDL, triglycerides) and raise ""good"" cholesterol (HDL) in the blood.","
Use With Caution having Liver disease, Kidney disease, Alcohol use.
","
Muscle pain, Tenderness, Weakness. Rarely can cause Rhabdomyolysis and Autoimmune myopathy.
"
https://static.servaid.com.pk/product/bulk/040458.jpg,Livliv Cap 1x20 (L),"Liver-protection formula
Hilton",Rs. 499/Pack,Livliv capsules contain natural ingredients that help protect the liver from free radicals and other harm.,"
Keep out of the reach of children. Protect from heat, sunlight, and humidity. Store at room temperature, i.e. below 25 degrees Celsius. Don't use it after the expiration date. Avoid it if you're hypersensitive to any of its ingredients.
","
In rare cases, it may cause mild to moderate adverse reactions. In the case of side effects, discontinue the use and try to find a doctor. Some common Side effects include skin irritations, itching, rashes, redness, and swelling on the skin, etc. It may also cause digestive problems, i.e. bloating, gas, diarrhea, constipation, GERD (gastroesophageal reflux disease), nausea, and vomiting, etc. Consult a doctor, if you have hypersensitivity to any of its ingredients. Other adverse reactions are drowsiness, dizziness, headache, loss of appetite, behavior changes, chest pain, etc.
"
https://static.servaid.com.pk/product/bulk/012390.jpg,Atorva 40MG Tab 1x10 (L),"Atorvastatin
Horizon",Rs. 510/Pack,"It is used along with a proper diet to help lower ""bad"" cholesterol and fats (such as LDL, triglycerides) and raise ""good"" cholesterol (HDL) in the blood.","
Use With Caution having Liver disease, Kidney disease, Alcohol use.
","
Muscle pain, Tenderness, Weakness. Rarely can cause Rhabdomyolysis and Autoimmune myopathy.
"
https://static.servaid.com.pk/product/bulk/011694.jpg,Lastolip 20MG Tab 2x10 (L),"Atorvastatin
Wilshire",Rs. 554.4/Pack,"It is used along with a proper diet to help lower ""bad"" cholesterol and fats (such as LDL, triglycerides) and raise ""good"" cholesterol (HDL) in the blood.","
Use With Caution having Liver disease, Kidney disease, Alcohol use.
","
Muscle pain, Tenderness, Weakness. Rarely can cause Rhabdomyolysis and Autoimmune myopathy.
"
https://static.servaid.com.pk/product/bulk/005199.jpg,Zocor 20MG Tab 1x10 (L),"Simvastatin
OBS",Rs. 562.1/Pack,It is used to treat High Cholesterol levels.,"
Use with caution having liver disease, kidney disease and alcohol use.
","
It does not have serious side effects.
"
https://static.servaid.com.pk/product/bulk/000767.jpg,Lipitor 10MG Tab 1x10 (L),"Atorvastatin
Pfizer",Rs. 612.5/Pack,"It is used along with a proper diet to help lower ""bad"" cholesterol and fats (such as LDL, triglycerides) and raise ""good"" cholesterol (HDL) in the blood.","
Use With Caution having Liver disease, Kidney disease, Alcohol use.
","
Muscle pain, Tenderness, Weakness. Rarely can cause Rhabdomyolysis and Autoimmune myopathy.
"
https://static.servaid.com.pk/product/bulk/000647.jpg,Lescol 20MG Cap 2x14 (L),"Fluvastatin
Novartis",Rs. 682.64/Pack,"Fluvastatin is used to help lower Low-density Lipoprotein, Triglycerides and raise High-density Lipoprotein in the blood.","
Tell your doctor/Pharmacist your medical history of Liver disease, Kidney disease, Alcohol use.
","
Stomach upset may occur.
"
https://static.servaid.com.pk/product/bulk/037608.jpg,Staars 20MG Tab 1x30 (L),"Rosuvastatin
MAZTON",Rs. 693/Pack,It is used to treat High Cholesterol levels.,"
Use with caution having liver disease, kidney disease and alcohol use.
","
It does not have serious side effects.
"
https://static.servaid.com.pk/product/bulk/035759.jpg,Lochol 40MG Tab 3x10 (L),"Atorvastatin
WIMITS",Rs. 720.3/Pack,"It is used along with a proper diet to help lower ""bad"" cholesterol and fats (such as LDL, triglycerides) and raise ""good"" cholesterol (HDL) in the blood.","
Use With Caution having Liver disease, Kidney disease, Alcohol use.
","
Muscle pain, Tenderness, Weakness. Rarely can cause Rhabdomyolysis and Autoimmune myopathy.
"
https://static.servaid.com.pk/product/bulk/002110.jpg,Omnitor 20MG Tab 2x10 (L),"Rosuvastatin
Macter",Rs. 739.2/Pack,It is used to treat High Cholesterol levels.,"
Use with caution having liver disease, kidney disease and alcohol use.
","
It does not have serious side effects.
"
https://static.servaid.com.pk/product/bulk/000768.jpg,Lipitor 20MG Tab 1x10 (L),"Atorvastatin
Pfizer",Rs. 1043/Pack,"It is used along with a proper diet to help lower ""bad"" cholesterol and fats (such as LDL, triglycerides) and raise ""good"" cholesterol (HDL) in the blood.","
Use With Caution having Liver disease, Kidney disease, Alcohol use.
","
Muscle pain, Tenderness, Weakness. Rarely can cause Rhabdomyolysis and Autoimmune myopathy.
"
https://static.servaid.com.pk/product/bulk/002060.jpg,Olbetam 250MG Cap 4x8 (L),"Acipimox
Pacific Ph",Rs. 1043.52/Pack,Olbetam is indicated as alternative or adjunct treatment to reduce triglyceride levels in patients who have not responded adequately to other treatments such as statin or fibrate treatment for,"
Before instituting OLBETAM therapy, attempts should be made to control serum lipids with Acipimox is structurally related to nicotinic acid. The risk of muscle toxicity is increased when nicotinic acid is administered concomitantly with a statin
","
Itchy skin reactions, feeling weak, stomach pain. Indigestion, Facial flushing, Headache
"
https://static.servaid.com.pk/product/bulk/000769.jpg,Lipitor 40MG Tab 1x10 (L),"Atorvastatin
Pfizer",Rs. 1866.5/Pack,"It is used along with a proper diet to help lower ""bad"" cholesterol and fats (such as LDL, triglycerides) and raise ""good"" cholesterol (HDL) in the blood.","
Use With Caution having Liver disease, Kidney disease, Alcohol use.
","
Muscle pain, Tenderness, Weakness. Rarely can cause Rhabdomyolysis and Autoimmune myopathy.
"
https://static.servaid.com.pk/product/bulk/000649.jpg,Lescol Xl 80MG Tab 2x14 (L),"Fluvastatin
Novartis",Rs. 2072/Pack,"Fluvastatin is used to help lower Low-density Lipoprotein, Triglycerides and raise High-density Lipoprotein in the blood.","
Tell your doctor/Pharmacist your medical history of Liver disease, Kidney disease, Alcohol use.
","
Stomach upset may occur.
"
